,Unnamed: 0,identifier,citation,name,num_bytes,num_files,numb_subjects,variableMeasured,keywords,schemaKey,dandiset_schemaver,url,version,species,data_type,doi_link,validation_result
0,0,DANDI:000003,"Senzai, Yuta; Fernandez-Ruiz, Antonio; Buzsáki, György (2022) Physiological Properties and Behavioral Correlates of Hippocampal Granule Cells and Mossy Cells (Version draft) [Data set]. DANDI archive. https://dandiarchive.org/dandiset/000003/draft",Physiological Properties and Behavioral Correlates of Hippocampal Granule Cells and Mossy Cells,2559248010229,101,16.0,"['DecompositionSeries', 'LFP', 'Units', 'Position', 'ElectricalSeries']","['cell types', 'current source density', 'laminar recordings', 'oscillations', 'mossy cells', 'granule cells', 'optogenetics']",Dandiset,0.6.0,https://dandiarchive.org/dandiset/000003/draft,draft,House mouse,Neurodata Without Borders (NWB),https://doi.org/10.1016/j.neuron.2016.12.011,"PYNWB_VALIDATION,BEST_PRACTICE_VIOLATION"
1,1,DANDI:000004,"Chandravadia, Nand; Liang, Dehua; Schjetnan, Andrea Gomez Palacio; Carlson, April; Faraut, Mailys; Chung, Jeffrey M.; Reed, Chrystal M.; Dichter, Ben; Maoz, Uri; Kalia, Suneil K.; Valiante, Taufik A.; Mamelak, Adam N.; Rutishauser, Ueli (2022) A NWB-based dataset and processing pipeline of human single-neuron activity during a declarative memory task (Version draft) [Data set]. DANDI archive. https://dandiarchive.org/dandiset/000004/draft",A NWB-based dataset and processing pipeline of human single-neuron activity during a declarative memory task,6197474020,87,59.0,"['Units', 'ElectrodeGroup']","['cognitive neuroscience', 'data standardization', 'decision making', 'declarative memory', 'neurophysiology', 'neurosurgery', 'NWB', 'open source', 'single-neurons']",Dandiset,0.6.0,https://dandiarchive.org/dandiset/000004/draft,draft,Human,Neurodata Without Borders (NWB),https://osf.io/hv7ja/,"PYNWB_VALIDATION,CRITICAL,BEST_PRACTICE_VIOLATION"
2,2,DANDI:000005,"Yu, Jianing; Gutnisky, Diego A; Hires, S Andrew; Svoboda, Karel (2022) Electrophysiology data from thalamic and cortical neurons during somatosensation (Version draft) [Data set]. DANDI archive. https://dandiarchive.org/dandiset/000005/draft",Electrophysiology data from thalamic and cortical neurons during somatosensation,46436686324,148,55.0,"['CurrentClampStimulusSeries', 'CurrentClampSeries', 'OptogeneticSeries', 'ElectrodeGroup', 'Units']",[],Dandiset,0.6.0,https://dandiarchive.org/dandiset/000005/draft,draft,House mouse,Neurodata Without Borders (NWB),https://doi.org/10.1038/nn.4412,"PYNWB_VALIDATION,BEST_PRACTICE_VIOLATION"
3,3,DANDI:000006,"Economo, Michael N.; Svoboda, Karel (2022) Mouse anterior lateral motor cortex (ALM) in delay response task (Version draft) [Data set]. DANDI archive. https://dandiarchive.org/dandiset/000006/draft",Mouse anterior lateral motor cortex (ALM) in delay response task,139600500,53,12.0,"['Units', 'ElectrodeGroup', 'BehavioralEvents']",[],Dandiset,0.6.0,https://dandiarchive.org/dandiset/000006/draft,draft,House mouse,Neurodata Without Borders (NWB),https://www.nature.com/articles/s41586-018-0642-9,"PYNWB_VALIDATION,BEST_PRACTICE_VIOLATION"
4,4,DANDI:000007,"Gao, Zhenyu; Davis, Courtney; Thomas, Alyse M.; Economo, Michael N.; Abrego, Amada M.; Svoboda, Karel; Zeeuw, Chris I. De; Li, Nuo (2022) A cortico-cerebellar loop for motor planning (Version draft) [Data set]. DANDI archive. https://dandiarchive.org/dandiset/000007/draft",A cortico-cerebellar loop for motor planning,199439472,54,13.0,"['Units', 'ElectrodeGroup']",[],Dandiset,0.6.0,https://dandiarchive.org/dandiset/000007/draft,draft,House mouse,Neurodata Without Borders (NWB),https://www.nature.com/articles/s41586-018-0633-x,"PYNWB_VALIDATION,BEST_PRACTICE_VIOLATION"
5,5,DANDI:000008,"Scala, Federico; Kobak, Dmitry; Bernabucci, Matteo; Bernaerts, Yves; Cadwell, Cathryn Rene; Castro, Jesus Ramon; Hartmanis, Leonard; Jiang, Xiaolong; Laturnus, Sophie; Miranda, Elanine; Mulherkar, Shalaka; Tan, Zheng Huan; Yao, Zizhen; Zeng, Hongkui; Sandberg, Rickard; Berens, Philipp; Tolias, Andreas Savas (2022) Phenotypic variation within and across transcriptomic cell types in mouse motor cortex (Version draft) [Data set]. DANDI archive. https://dandiarchive.org/dandiset/000008/draft",Phenotypic variation within and across transcriptomic cell types in mouse motor cortex,11922334254,1328,266.0,"['CurrentClampStimulusSeries', 'CurrentClampSeries']","['Patch-seq', 'cortex', 'motor cortex', 'mouse']",Dandiset,0.6.0,https://dandiarchive.org/dandiset/000008/draft,draft,Mus musculus - House mouse,Neurodata Without Borders (NWB),https://www.nature.com/articles/s41586-020-2907-3,
6,6,DANDI:000009,"Guo, Zengcai; Inagaki, Hidehiko; Daie, Kayvon; Druckmann, Shaul; Gerfen, Charles R.; Svoboda, Karel (2022) Maintenance of persistent activity in a frontal thalamocortical loop (Version draft) [Data set]. DANDI archive. https://dandiarchive.org/dandiset/000009/draft",Maintenance of persistent activity in a frontal thalamocortical loop,12919706852,173,31.0,"['Units', 'ElectrodeGroup', 'ProcessingModule', 'BehavioralTimeSeries', 'CurrentClampStimulusSeries', 'OptogeneticSeries']",[],Dandiset,0.6.0,https://dandiarchive.org/dandiset/000009/draft,draft,House mouse,Neurodata Without Borders (NWB),https://doi.org/10.1038/nature22324,
7,7,DANDI:000010,"Li, Nuo; Chen, Tsai-Wen; Guo, Zengcai V.; Gerfen, Charles R.; Svoboda, Karel (2022) A motor cortex circuit for motor planning and movement (Version draft) [Data set]. DANDI archive. https://dandiarchive.org/dandiset/000010/draft",A motor cortex circuit for motor planning and movement,40006570644,158,23.0,"['BehavioralTimeSeries', 'Units', 'ElectrodeGroup', 'BehavioralEvents', 'PlaneSegmentation']",[],Dandiset,0.6.0,https://dandiarchive.org/dandiset/000010/draft,draft,House mouse,Neurodata Without Borders (NWB),https://www.nature.com/articles/nature14178,
8,8,DANDI:000011,"Li, Nuo; Daie, Kayvon; Svoboda, Karel; Druckmann, Shaul (2022) Robust neuronal dynamics in premotor cortex during motor planning (Version draft) [Data set]. DANDI archive. https://dandiarchive.org/dandiset/000011/draft",Robust neuronal dynamics in premotor cortex during motor planning,32435325542,92,19.0,"['BehavioralEvents', 'ElectrodeGroup', 'Units', 'BehavioralTimeSeries']",[],Dandiset,0.6.0,https://dandiarchive.org/dandiset/000011/draft,draft,House mouse,Neurodata Without Borders (NWB),https://doi.org/10.1038/nature17643,
9,9,DANDI:000012,"Zhou, Li; Kriegstein, Arnold (2022) Kriegstein2020 (Version draft) [Data set]. DANDI archive. https://dandiarchive.org/dandiset/000012/draft",Kriegstein2020,487524911,297,4.0,"['VoltageClampStimulusSeries', 'VoltageClampSeries']",[],Dandiset,0.6.0,https://dandiarchive.org/dandiset/000012/draft,draft,Human,Neurodata Without Borders (NWB),,
10,10,DANDI:000013,"Hires, Samuel; Gutnisky, Diego; Yu, Jianing; O'Connor, Daniel H; Svoboda, Karel (2022) Low-noise encoding of active touch by layer 4 in the somatosensory cortex (Version draft) [Data set]. DANDI archive. https://dandiarchive.org/dandiset/000013/draft",Low-noise encoding of active touch by layer 4 in the somatosensory cortex,11408735292,52,23.0,"['BehavioralTimeSeries', 'CurrentClampSeries', 'PatchClampSeries']",[],Dandiset,0.6.0,https://dandiarchive.org/dandiset/000013/draft,draft,House mouse,Neurodata Without Borders (NWB),https://elifesciences.org/articles/06619,
11,11,DANDI:000015,"Chen, Tsai-Wen; Li, Nuo; Daie, Kayvon; Svoboda, Karel (2022) A Map of Anticipatory Activity in Mouse Motor Cortex (Version draft) [Data set]. DANDI archive. https://dandiarchive.org/dandiset/000015/draft",A Map of Anticipatory Activity in Mouse Motor Cortex,17159727736,210,6.0,"['BehavioralEvents', 'PlaneSegmentation']",[],Dandiset,0.6.0,https://dandiarchive.org/dandiset/000015/draft,draft,House mouse,Neurodata Without Borders (NWB),https://doi.org/10.1016/j.neuron.2017.05.005,
12,12,DANDI:000016,"Najafi, Farzaneh; Churchland, Anne K. (2022) Excitatory and inhibitory subnetworks are equally selective during decision-making and emerge simultaneously during learning (Version draft) [Data set]. DANDI archive. https://dandiarchive.org/dandiset/000016/draft",Excitatory and inhibitory subnetworks are equally selective during decision-making and emerge simultaneously during learning,62572042499,135,4.0,"['BehavioralTimeSeries', 'PlaneSegmentation']",[],Dandiset,0.6.0,https://dandiarchive.org/dandiset/000016/draft,draft,,Neurodata Without Borders (NWB),http://repository.cshl.edu/id/eprint/37693/,
13,13,DANDI:000017,"Steinmetz, Nicholas; Zatka-Haas, Peter; Carandini, Matteo; Harris, Kenneth; Wang, Renee (2022) Distributed coding of choice, action and engagement across the mouse brain (Version draft) [Data set]. DANDI archive. https://dandiarchive.org/dandiset/000017/draft","Distributed coding of choice, action and engagement across the mouse brain",14682586049,39,10.0,"['ProcessingModule', 'PupilTracking', 'BehavioralEpochs', 'Units', 'BehavioralEvents', 'BehavioralTimeSeries', 'ElectrodeGroup']",['neuropixels'],Dandiset,0.6.0,https://dandiarchive.org/dandiset/000017/draft,draft,House mouse,Neurodata Without Borders (NWB),https://www.nature.com/articles/s41586-019-1787-x,
14,14,DANDI:000018,"Tao, Can; Zhang, Guang-Wei (2022) Mouse Spinal Cord Ephys Dataset (Version draft) [Data set]. DANDI archive. https://dandiarchive.org/dandiset/000018/draft",Mouse Spinal Cord Ephys Dataset,0,0,,,[],Dandiset,0.6.0,https://dandiarchive.org/dandiset/000018/draft,draft,,,,
15,15,DANDI:000019,"Bouchard, Kristofer E.; Chang, Edward F. (2022) Human ECoG speaking consonant-vowel syllables (Version draft) [Data set]. DANDI archive. https://dandiarchive.org/dandiset/000019/draft",Human ECoG speaking consonant-vowel syllables,55585858956,31,4.0,"['ElectrodeGroup', 'ElectricalSeries', 'ProcessingModule', 'Spectrum']","['electrocorticography (ECoG)', 'speech production']",Dandiset,0.6.0,https://dandiarchive.org/dandiset/000019/draft,draft,Human,Neurodata Without Borders (NWB),https://doi.org/10.1038/nature11911,
16,16,DANDI:000020,Allen Institute for Brain Science (2022) Patch-seq recordings from mouse visual cortex (Version draft) [Data set]. DANDI archive. https://dandiarchive.org/dandiset/000020/draft,Patch-seq recordings from mouse visual cortex,141856436428,4435,1040.0,['ProcessingModule'],"['Patch-seq', 'mouse', 'visual cortex', 'interneuron']",Dandiset,0.6.0,https://dandiarchive.org/dandiset/000020/draft,draft,House mouse,Neurodata Without Borders (NWB),https://www.sciencedirect.com/science/article/pii/S009286742031254X,
17,17,DANDI:000021,"Siegle, Josh; Wakeman, Wayne; Jia, Xiaoxuan; Heller, Gregg; Ramirez, Tamina; Graddis, Nile; Mei, Nicholas; Durand, Severine (2022) 20191003_AIBS_mouse_ecephys_brain_observatory_1_1 (Version draft) [Data set]. DANDI archive. https://dandiarchive.org/dandiset/000021/draft",20191003_AIBS_mouse_ecephys_brain_observatory_1_1,477562344354,214,32.0,"['ProcessingModule', 'LFP', 'Units']","['electrophysiology', 'life sciences', 'machine learning', 'neurobiology', 'signal processing']",Dandiset,0.6.0,https://dandiarchive.org/dandiset/000021/draft,draft,House mouse,Neurodata Without Borders (NWB),,
18,18,DANDI:000022,"Siegle, Josh; Wakeman, Wayne; Jia, Xiaoxuan; Durand, Severine; Heller, Gregg; Ramirez, Tamina; Graddis, Nile; Mei, Nicholas (2022) 20191003_AIBS_mouse_ecephys_functional_connectivity (Version draft) [Data set]. DANDI archive. https://dandiarchive.org/dandiset/000022/draft",20191003_AIBS_mouse_ecephys_functional_connectivity,374956840341,169,26.0,"['LFP', 'ProcessingModule', 'Units']","['electrophysiology', 'life sciences', 'machine learning', 'neurobiology', 'signal processing']",Dandiset,0.6.0,https://dandiarchive.org/dandiset/000022/draft,draft,House mouse,Neurodata Without Borders (NWB),,
19,19,DANDI:000023,Allen Institute for Brian Science (2022) Patch-seq recordings from human cortex (June 2020) (Version draft) [Data set]. DANDI archive. https://dandiarchive.org/dandiset/000023/draft,Patch-seq recordings from human cortex (June 2020),12401578899,318,56.0,['ProcessingModule'],"['Patch-seq', 'human', 'neocortex', ' layer 2/3']",Dandiset,0.6.0,https://dandiarchive.org/dandiset/000023/draft,draft,Human,Neurodata Without Borders (NWB),https://www.biorxiv.org/content/10.1101/2020.03.31.018820v1,
20,20,DANDI:000024,LFP & MUA from BF (2022). (Version draft) [Data set]. DANDI archive. https://dandiarchive.org/dandiset/000024/draft,LFP & MUA from BF,0,0,,,"['LFP, BF, interhemispheric']",Dandiset,0.6.0,https://dandiarchive.org/dandiset/000024/draft,draft,,,,
21,21,DANDI:000025,Example intracellular ephys data from LNMC & BBP (2022). (Version draft) [Data set]. DANDI archive. https://dandiarchive.org/dandiset/000025/draft,Example intracellular ephys data from LNMC & BBP,13664814,1,1.0,"['VoltageClampSeries', 'CurrentClampStimulusSeries', 'VoltageClampStimulusSeries', 'CurrentClampSeries']",[],Dandiset,0.6.0,https://dandiarchive.org/dandiset/000025/draft,draft,Rattus norvegicus - Norway rat,Neurodata Without Borders (NWB),,
22,22,DANDI:000026,"Mazzamuto, Giacomo; Costantini, Irene; Gavryusev, Vladislav; Castelli, Filippo Maria; Pesce, Luca; Scardigli, Marina; Pavone, Francesco Saverio; Roffilli, Matteo; Silvestri, Ludovico; Brady, Niamh; Ramazzotti, Josephine; Hof, Patrick R.; Boas, David A.; Fischl, Bruce; Morgan, Leah; Yang, Jiarui; Chang, Shuaibin; Laffey, Jessie; Magnain, Caroline; Varadarajan, Divya; Wang, Hui; Frost, Robert; Kouwe, Andre van der; Player, Allison Stevens; Atzeni, Alessia; Gonzalez, Juan Eugenio Iglesias; Balbastre, Yael; Vera, Matthew; Cordero, Devani; Nestor, Kimberly; Ammon, William; Nolan, Jackson; Mora, Jocelyn; Pallares, Erendira Garcia; Augustinack, Jean; Diamond, Bram; Fogarty, Morgan; Boyd, Emma; Varghese, Merina; Dalca, Adrian V.; Edlow, Brian; Frosche, Matthew; Wicinski, Bridget; Chen, I-Chun Anderson (2022) Human brain cell census for BA 44/45 (Version draft) [Data set]. DANDI archive. https://dandiarchive.org/dandiset/000026/draft",Human brain cell census for BA 44/45,11752241722188,40471,14.0,[],"['multi-modal imaging', 'MRI', 'OCT', 'SPIM', 'human cortex', ""Broca's area"", 'Motor cortex', 'Stereology']",Dandiset,0.6.0,https://dandiarchive.org/dandiset/000026/draft,draft,,Brain Imaging Data Structure (BIDS),https://www.spiedigitallibrary.org/journals/journal-of-biomedical-optics/volume-24/issue-10/106504/Dual-beam-confocal-light-sheet-microscopy-via-flexible-acousto-optic/10.1117/1.JBO.24.10.106504.full?tab=ArticleLinkCited,
23,23,DANDI:000027,"Halchenko, Yaroslav O. (2022) Test dataset for testing dandi-cli (Version draft) [Data set]. DANDI archive. https://dandiarchive.org/dandiset/000027/draft",Test dataset for testing dandi-cli.,18792,1,1.0,[],['development'],Dandiset,0.6.0,https://dandiarchive.org/dandiset/000027/draft,draft,Brown rat,Neurodata Without Borders (NWB),,
24,24,DANDI:000028,Simulated cortical Neuropixels recording with ground truth (2022). (Version draft) [Data set]. DANDI archive. https://dandiarchive.org/dandiset/000028/draft,Simulated cortical Neuropixels recording with ground truth,42942229688,3,2.0,"['ElectrodeGroup', 'ElectricalSeries', 'Units']",,Dandiset,0.6.0,https://dandiarchive.org/dandiset/000028/draft,draft,House mouse,Neurodata Without Borders (NWB),,
25,25,DANDI:000029,"Last, First (2022) Test dataset for development purposes (Version draft) [Data set]. DANDI archive. https://dandiarchive.org/dandiset/000029/draft",Test dataset for development purposes,20716164,5,4.0,"['BehavioralEvents', 'ElectrodeGroup', 'Units']",['development'],Dandiset,0.4.4,https://dandiarchive.org/dandiset/000029/draft,draft,House mouse,Brain Imaging Data Structure (BIDS),,
26,26,DANDI:000030,Allen Brain Observatory Neuropixels recording (2022). (Version draft) [Data set]. DANDI archive. https://dandiarchive.org/dandiset/000030/draft,Allen Brain Observatory Neuropixels recording,0,0,,,,Dandiset,0.6.0,https://dandiarchive.org/dandiset/000030/draft,draft,,,,
27,27,DANDI:000031,ABC (2022). (Version draft) [Data set]. DANDI archive. https://dandiarchive.org/dandiset/000031/draft,ABC,0,0,,,,Dandiset,0.6.0,https://dandiarchive.org/dandiset/000031/draft,draft,,,,
28,28,DANDI:000032,Test dataset (2022). (Version draft) [Data set]. DANDI archive. https://dandiarchive.org/dandiset/000032/draft,Test dataset,0,0,,,,Dandiset,0.6.0,https://dandiarchive.org/dandiset/000032/draft,draft,,,,
29,29,DANDI:000033,Test-2 dataset (2022). (Version draft) [Data set]. DANDI archive. https://dandiarchive.org/dandiset/000033/draft,Test-2 dataset,0,0,,,,Dandiset,0.6.0,https://dandiarchive.org/dandiset/000033/draft,draft,,,,
30,30,DANDI:000034,"Buccino, Alessio; Hurwitz, Cole; Garcia, Samuel; Magland, Jeremy; Siegle, Joshua; Hurwitz, Roger; Hennig, Matthias H. (2022) SpikeInterface, a unified framework for spike sorting (Version draft) [Data set]. DANDI archive. https://dandiarchive.org/dandiset/000034/draft","SpikeInterface, a unified framework for spike sorting",74351014076,6,4.0,"['ElectrodeGroup', 'Units', 'ElectricalSeries']","['Spike Sorting', 'extracellular electrophysiology']",Dandiset,0.6.0,https://dandiarchive.org/dandiset/000034/draft,draft,House mouse,Neurodata Without Borders (NWB),https://doi.org/10.7554/eLife.61834,
31,31,DANDI:000035,"Scala, Federico; Kobak, Dmitry; Bernabucci, Matteo; Bernaerts, Yves; Cadwell, Cathryn Rene; Castro, Jesus Ramon; Hartmanis, Leonard; Jiang, Xiaolong; Laturnus, Sophie; Miranda, Elanine; Mulherkar, Shalaka; Tan, Zheng Huan; Yao, Zizhen; Last, First; Zeng, Hongkui; Sandberg, Rickard; Berens, Philipp; Tolias, Andreas Savas (2022) Temperature-controlled intracellular Patch-seq recordings in mouse motor cortex (Version draft) [Data set]. DANDI archive. https://dandiarchive.org/dandiset/000035/draft",Temperature-controlled intracellular Patch-seq recordings in mouse motor cortex,1656166654,185,8.0,"['CurrentClampSeries', 'CurrentClampStimulusSeries']","['Patch-seq', 'mouse', 'cortex', 'motor cortex']",Dandiset,0.6.0,https://dandiarchive.org/dandiset/000035/draft,draft,House mouse,Neurodata Without Borders (NWB),https://www.nature.com/articles/s41586-020-2907-3,
32,32,DANDI:000036,"Last, First (2022) Allen Institute Openscope - Meaningful project (Version draft) [Data set]. DANDI archive. https://dandiarchive.org/dandiset/000036/draft",Allen Institute Openscope - Meaningful project,79771339536,57,9.0,"['BehavioralTimeSeries', 'PlaneSegmentation']",['two photon imaging'],Dandiset,0.6.0,https://dandiarchive.org/dandiset/000036/draft,draft,,Neurodata Without Borders (NWB),,
33,33,DANDI:000037,"Gillon, Colleen J.; Lecoq, Jérôme A.; Zylberberg, Joel; Richards, Blake A. (2022) Allen Institute Openscope - Credit Assignment project (Version draft) [Data set]. DANDI archive. https://dandiarchive.org/dandiset/000037/draft",Allen Institute Openscope - Credit Assignment project,115952997660,96,13.0,"['BehavioralTimeSeries', 'PlaneSegmentation', 'PupilTracking']","['learning', 'neocortex', 'pyramidal neurons', 'distal apical dendrites', 'somata', 'L2/3', 'L5', 'two-photon calcium imaging', 'mouse VisP', 'prediction', 'credit assignment']",Dandiset,0.6.0,https://dandiarchive.org/dandiset/000037/draft,draft,Mus musculus - House mouse,Neurodata Without Borders (NWB),https://www.biorxiv.org/content/10.1101/2021.01.15.426915v2,
34,34,DANDI:000038,Testytest (2022). (Version draft) [Data set]. DANDI archive. https://dandiarchive.org/dandiset/000038/draft,Testytest,0,0,,,,Dandiset,0.6.0,https://dandiarchive.org/dandiset/000038/draft,draft,,,,
35,35,DANDI:000039,"Millman, Dan; Vries, Saskia de (2022) Allen Institute – Contrast tuning in mouse visual cortex with calcium imaging (Version draft) [Data set]. DANDI archive. https://dandiarchive.org/dandiset/000039/draft",Allen Institute – Contrast tuning in mouse visual cortex with calcium imaging,22607247880,100,32.0,"['Units', 'PlaneSegmentation', 'TwoPhotonSeries', 'BehavioralTimeSeries']","['vision', 'visual cortex', 'inhibition', 'inhibitory circuits', 'circuit dynamics', 'gain control']",Dandiset,0.6.0,https://dandiarchive.org/dandiset/000039/draft,draft,House mouse,Neurodata Without Borders (NWB),https://elifesciences.org/articles/55130,
36,36,DANDI:000040,"Jia, Xiaoxuan; Siegle, Josh; Durand, Severine; Heller, Gregg; Ramirez, Tamina (2022) Neuropixels recordings in mouse visual system (Version draft) [Data set]. DANDI archive. https://dandiarchive.org/dandiset/000040/draft",Neuropixels recordings in mouse visual system,0,0,,,['Neuropixels'],Dandiset,0.6.0,https://dandiarchive.org/dandiset/000040/draft,draft,,,,
37,37,DANDI:000041,"Watson, Brendon O.; Levenstein, Daniel; Greene, J. Palmer; Gelinas, Jennifer N.; Buzsáki, György (2022) Network Homeostasis and State Dynamics of Neocortical Sleep (Version draft) [Data set]. DANDI archive. https://dandiarchive.org/dandiset/000041/draft",Network Homeostasis and State Dynamics of Neocortical Sleep,154863459017,22,10.0,"['Units', 'LFP', 'ElectricalSeries']","['Firing patterns', 'Sleep/awake states', 'Sleep stages', 'Homeostasis']",Dandiset,0.6.0,https://dandiarchive.org/dandiset/000041/draft,draft,Brown rat,Neurodata Without Borders (NWB),https://www.sciencedirect.com/science/article/pii/S0896627316300563,
38,38,DANDI:000042,Allen Institute Openscope - Meaningful project  - Full movies (2022). (Version draft) [Data set]. DANDI archive. https://dandiarchive.org/dandiset/000042/draft,Allen Institute Openscope - Meaningful project  - Full movies,0,0,,,,Dandiset,0.6.0,https://dandiarchive.org/dandiset/000042/draft,draft,,,,
39,39,DANDI:000043,"Kalmbach, Brian; Ting, Jonathan; Owen, Scott; Lein, Ed (2022) Human, macaque, and mouse L5 pyramidal neuron physiology (Version draft) [Data set]. DANDI archive. https://dandiarchive.org/dandiset/000043/draft","Human, macaque, and mouse L5 pyramidal neuron physiology",3271279661,94,22.0,[],"['Patch-seq', 'Motor cortex', 'Betz cell', 'Human', 'Macaque', 'Mouse']",Dandiset,0.6.0,https://dandiarchive.org/dandiset/000043/draft,draft,House mouse,Neurodata Without Borders (NWB),,
40,40,DANDI:000044,"Grosmark, Andres D.; Buzsáki, György (2022) Diversity in neural firing dynamics supports both rigid and learned hippocampal sequences (Version draft) [Data set]. DANDI archive. https://dandiarchive.org/dandiset/000044/draft",Diversity in neural firing dynamics supports both rigid and learned hippocampal sequences,65708919583,8,4.0,"['ElectricalSeries', 'LFP', 'Units']",[],Dandiset,0.6.0,https://dandiarchive.org/dandiset/000044/draft,draft,Brown rat,Neurodata Without Borders (NWB),https://science.sciencemag.org/content/351/6280/1440,
41,41,DANDI:000045,International Brain Laboratory (2022) IBL behavioral data (Version draft) [Data set]. DANDI archive. https://dandiarchive.org/dandiset/000045/draft,IBL behavioral data,97844923040,6615,178.0,"['BehavioralTimeSeries', 'ProcessingModule', 'DecompositionSeries', 'Position', 'ElectrodeGroup']",['International Brain Laboratory'],Dandiset,0.6.0,https://dandiarchive.org/dandiset/000045/draft,draft,House mouse,Neurodata Without Borders (NWB),https://doi.org/10.7554/eLife.63711,
42,42,DANDI:000046,asdf (2022). (Version draft) [Data set]. DANDI archive. https://dandiarchive.org/dandiset/000046/draft,asdf,0,0,,,,Dandiset,0.6.0,https://dandiarchive.org/dandiset/000046/draft,draft,,,,
43,43,DANDI:000047,Test (2022). (Version draft) [Data set]. DANDI archive. https://dandiarchive.org/dandiset/000047/draft,Test,0,0,,,,Dandiset,0.6.0,https://dandiarchive.org/dandiset/000047/draft,draft,,,,
44,44,DANDI:000048,"Ledochowitsch, Peter; Huang, Lawrence; Knoblich, Ulf; Oliver, Michael; Lecoq, Jerome; Reid, Clay; Li, Lu; Zeng, Hongkui; Koch, Christof; Waters, Jack; Vries, Saskia E.J. de; Buice, Michael A. (2022) Electrical and optical physiology in in vivo population-scale two-photon calcium imaging (Version draft) [Data set]. DANDI archive. https://dandiarchive.org/dandiset/000048/draft",Electrical and optical physiology in in vivo population-scale two-photon calcium imaging,590267164,1,1.0,"['PlaneSegmentation', 'TwoPhotonSeries', 'ElectrodeGroup', 'Units']",,Dandiset,0.6.0,https://dandiarchive.org/dandiset/000048/draft,draft,,Neurodata Without Borders (NWB),,
45,45,DANDI:000049,"Millman, Daniel; de Vries, Saskia (2022) Allen Institute – TFxSF tuning in mouse visual cortex with calcium imaging (Version draft) [Data set]. DANDI archive. https://dandiarchive.org/dandiset/000049/draft",Allen Institute – TFxSF tuning in mouse visual cortex with calcium imaging,22211886496,78,27.0,"['TwoPhotonSeries', 'Units', 'PlaneSegmentation', 'BehavioralTimeSeries']",['Mouse'],Dandiset,0.6.0,https://dandiarchive.org/dandiset/000049/draft,draft,House mouse,Neurodata Without Borders (NWB),,
46,46,DANDI:000050,Allen Institute - Run Tuning in the Mouse Visual Cortex (2022). (Version draft) [Data set]. DANDI archive. https://dandiarchive.org/dandiset/000050/draft,Allen Institute - Run Tuning in the Mouse Visual Cortex,26372579632,56,18.0,"['TwoPhotonSeries', 'Units', 'PlaneSegmentation', 'BehavioralTimeSeries']",,Dandiset,0.6.0,https://dandiarchive.org/dandiset/000050/draft,draft,House mouse,Neurodata Without Borders (NWB),,
47,47,DANDI:000051,pons8-yo_16xdownsampled (2022). (Version draft) [Data set]. DANDI archive. https://dandiarchive.org/dandiset/000051/draft,pons8-yo_16xdownsampled,585926072,1,1.0,[],,Dandiset,0.6.0,https://dandiarchive.org/dandiset/000051/draft,draft,Human,Neurodata Without Borders (NWB),,
48,48,DANDI:000052,Pons8-BIDS-16xdownsampled (2022). (Version draft) [Data set]. DANDI archive. https://dandiarchive.org/dandiset/000052/draft,Pons8-BIDS-16xdownsampled,226804820,518,1.0,[],,Dandiset,0.6.0,https://dandiarchive.org/dandiset/000052/draft,draft,,Brain Imaging Data Structure (BIDS),,
49,49,DANDI:000053,"Mallory, Caitlin S.; Hardcastle, Kiah; Campbell, Malcolm G.; Attinger, Alexander; Low, Isabel I. C.; Raymond, Jennifer L.; Giocomo, Lisa M. (2022) Recordings from medial entorhinal cortex during linear track and open exploration (Version draft) [Data set]. DANDI archive. https://dandiarchive.org/dandiset/000053/draft",Recordings from medial entorhinal cortex during linear track and open exploration,1393128766605,359,34.0,"['LFP', 'Position', 'Units', 'ElectrodeGroup', 'EyeTracking', 'SpatialSeries', 'ProcessingModule']","['neuropixel', 'entorhinal cortex']",Dandiset,0.6.0,https://dandiarchive.org/dandiset/000053/draft,draft,House mouse,Neurodata Without Borders (NWB),https://www.nature.com/articles/s41467-021-20936-8,
50,50,DANDI:000054,"Plitt, Mark; Giocomo, Lisa M. (2022) Plitt & Giocomo (2021) Experience Dependent Contextual Codes in the Hippocampus. Nat Neuro (Version draft) [Data set]. DANDI archive. https://dandiarchive.org/dandiset/000054/draft",Plitt & Giocomo (2021) Experience Dependent Contextual Codes in the Hippocampus. Nat Neuro,1959122435577,85,10.0,"['PlaneSegmentation', 'TwoPhotonSeries', 'BehavioralTimeSeries', 'ProcessingModule']",[],Dandiset,0.6.0,https://dandiarchive.org/dandiset/000054/draft,draft,House mouse,Neurodata Without Borders (NWB),https://www.nature.com/articles/s41593-021-00816-6,
51,51,DANDI:000055,"Peterson, Steven M.; Singh, Satpreet H.; Dichter, Benjamin; Scheid, Micheal; Rao, Rajesh P. N.; Brunton, Bingni W. (2022) AJILE12: Long-term naturalistic human intracranial neural recordings and pose (Version draft) [Data set]. DANDI archive. https://dandiarchive.org/dandiset/000055/draft",AJILE12: Long-term naturalistic human intracranial neural recordings and pose,845869698341,55,12.0,"['Position', 'ProcessingModule', 'ElectricalSeries', 'ElectrodeGroup']",[],Dandiset,0.6.0,https://dandiarchive.org/dandiset/000055/draft,draft,Human,Neurodata Without Borders (NWB),https://doi.org/10.1523/ENEURO.0007-21.2021,
52,52,DANDI:000056,"Peyrache, Adrien; Lacroix, Marie M; Petersen, Peter C; Buzsáki, György (2022) Internally organized mechanisms of the head direction sense (Version draft) [Data set]. DANDI archive. https://dandiarchive.org/dandiset/000056/draft",Internally organized mechanisms of the head direction sense,207733008367,40,7.0,"['ElectricalSeries', 'Units', 'LFP', 'Position', 'ProcessingModule']",[''],Dandiset,0.6.0,https://dandiarchive.org/dandiset/000056/draft,draft,House mouse,Neurodata Without Borders (NWB),https://www.nature.com/articles/nn.3968,
53,53,DANDI:000057,foobar (2022). (Version draft) [Data set]. DANDI archive. https://dandiarchive.org/dandiset/000057/draft,foobar,0,0,,,,Dandiset,0.6.0,https://dandiarchive.org/dandiset/000057/draft,draft,,,,
54,54,DANDI:000058,MITU01 Dataset (2022). (Version draft) [Data set]. DANDI archive. https://dandiarchive.org/dandiset/000058/draft,MITU01 Dataset,35328357305,17,1.0,[],[],Dandiset,0.6.0,https://dandiarchive.org/dandiset/000058/draft,draft,,Brain Imaging Data Structure (BIDS),,
55,55,DANDI:000059,"Petersen, Peter; Buzsáki, György (2022) Cooling of Medial Septum Reveals Theta Phase Lag Coordination of Hippocampal Cell Assemblies (Version draft) [Data set]. DANDI archive. https://dandiarchive.org/dandiset/000059/draft",Cooling of Medial Septum Reveals Theta Phase Lag Coordination of Hippocampal Cell Assemblies,3261512040681,54,5.0,"['SpatialSeries', 'Position', 'LFP', 'Units', 'ProcessingModule']",[],Dandiset,0.6.0,https://dandiarchive.org/dandiset/000059/draft,draft,Brown rat,Neurodata Without Borders (NWB),https://www.sciencedirect.com/science/article/abs/pii/S0896627320303925,
56,56,DANDI:000060,"Finkelstein, Arseny; Svoboda, Karel (2022) Dataset for Finkelstein, Fontolan et al. ""Attractor dynamics gate cortical information flow during decision-making"" (Version draft) [Data set]. DANDI archive. https://dandiarchive.org/dandiset/000060/draft","Dataset for Finkelstein, Fontolan et al. ""Attractor dynamics gate cortical information flow during decision-making""",1009087545,98,9.0,"['Units', 'BehavioralEvents']","['motor cortex', 'extracellular electrophysiology', 'decision-making', 'attractor', 'optogenetic stimulation']",Dandiset,0.6.0,https://dandiarchive.org/dandiset/000060/draft,draft,House mouse,Neurodata Without Borders (NWB),,
57,57,DANDI:000061,"Girardeau, Gabrielle; Inema, Ingrid; Buzsáki, György (2022) Reactivations of emotional memory in the hippocampus–amygdala system during sleep (Version draft) [Data set]. DANDI archive. https://dandiarchive.org/dandiset/000061/draft",Reactivations of emotional memory in the hippocampus–amygdala system during sleep,1952634651805,40,4.0,"['Units', 'LFP', 'ElectricalSeries', 'ProcessingModule']",[],Dandiset,0.6.0,https://dandiarchive.org/dandiset/000061/draft,draft,Brown rat,Neurodata Without Borders (NWB),https://doi.org/10.1038/nn.4637,
58,58,DANDI:000063,UHN_human_heterogeneity (2022). (Version draft) [Data set]. DANDI archive. https://dandiarchive.org/dandiset/000063/draft,UHN_human_heterogeneity,0,0,,,,Dandiset,0.6.0,https://dandiarchive.org/dandiset/000063/draft,draft,,,,
59,59,DANDI:000064,Simulation extension example (2022). (Version draft) [Data set]. DANDI archive. https://dandiarchive.org/dandiset/000064/draft,Simulation extension example,218366752,1,1.0,[],,Dandiset,0.6.0,https://dandiarchive.org/dandiset/000064/draft,draft,,Neurodata Without Borders (NWB),,
60,60,DANDI:000065,"Chung, J. E.; Joo, H. R.; Fan, J. L.; Liu, D. F.; Barnett, A. H.; Chen, S.; Geaghan-Breiner, C.; Karlsson, M. P.; Karlsson, M.; Lee, K. Y.; Liang, H.; Magland, J. F.; Pebbles, J. A.; Tooker, A. C.; Greengard, L. F.; Tolosa, V. M.; Frank, L. M. (2022) Polymer probe recordings from hippocampus (LFP), OFC, NAc, and mPFC (Version draft) [Data set]. DANDI archive. https://dandiarchive.org/dandiset/000065/draft","Polymer probe recordings from hippocampus (LFP), OFC, NAc, and mPFC",237685085456,1,1.0,[],"['rat, ', 'polymer probe', 'electrophysiology', 'nucleus accumbens', 'medial prefrontal cortex', 'orbitofrontal cortex', 'hippocampus', 'sleep']",Dandiset,0.6.0,https://dandiarchive.org/dandiset/000065/draft,draft,,,https://pubmed.ncbi.nlm.nih.gov/30502044/,
61,61,DANDI:000066,"Ng, Lydia (2022) Allen Mouse Common Coordinate Framework - Average Brain Template (Version draft) [Data set]. DANDI archive. https://dandiarchive.org/dandiset/000066/draft",Allen Mouse Common Coordinate Framework - Average Brain Template,381654798,4,,[],,Dandiset,0.6.0,https://dandiarchive.org/dandiset/000066/draft,draft,,Brain Imaging Data Structure (BIDS),,
62,62,DANDI:000067,"Fujisawa, Shigeyoshi; Amarasingham, Asohan; Harrison, Matthew; Buzsáki, György (2022) Behavior-dependent short-term assembly dynamics in the medial prefrontal cortex (Version draft) [Data set]. DANDI archive. https://dandiarchive.org/dandiset/000067/draft",Behavior-dependent short-term assembly dynamics in the medial prefrontal cortex,94565736755,28,3.0,"['LFP', 'ProcessingModule', 'Units', 'ElectricalSeries']",[],Dandiset,0.6.0,https://dandiarchive.org/dandiset/000067/draft,draft,Brown rat,Neurodata Without Borders (NWB),https://www.nature.com/articles/nn.2134,
63,63,DANDI:000068,Testing (2022). (Version draft) [Data set]. DANDI archive. https://dandiarchive.org/dandiset/000068/draft,Testing,362448,2,1.0,"['VoltageClampSeries', 'CurrentClampStimulusSeries', 'CurrentClampSeries', 'VoltageClampStimulusSeries']",[],Dandiset,0.6.0,https://dandiarchive.org/dandiset/000068/draft,draft,,Neurodata Without Borders (NWB),,
64,64,DANDI:000069,testing_2 (2022). (Version draft) [Data set]. DANDI archive. https://dandiarchive.org/dandiset/000069/draft,testing_2,297607244,1,1.0,"['CurrentClampSeries', 'PatchClampSeries', 'BehavioralTimeSeries']",,Dandiset,0.6.0,https://dandiarchive.org/dandiset/000069/draft,draft,House mouse,Neurodata Without Borders (NWB),,
65,65,DANDI:000070,"Churchland, Mark; Cunningham, John P.; Kaufman, Matthew T.; Foster, Justin D.; Nuyujukian, Paul; Ryu, Stephen I.; Shenoy, Krishna V. (2022) Neural population dynamics during reaching (Version draft) [Data set]. DANDI archive. https://dandiarchive.org/dandiset/000070/draft",Neural population dynamics during reaching,45909708322,9,2.0,"['Position', 'Units']",[],Dandiset,0.6.0,https://dandiarchive.org/dandiset/000070/draft,draft,Rhesus monkey,Neurodata Without Borders (NWB),https://www.nature.com/articles/nature11129,
66,66,DANDI:000071,Brandon's Test Dandiset (2022). (Version draft) [Data set]. DANDI archive. https://dandiarchive.org/dandiset/000071/draft,Brandon's Test Dandiset,0,0,,,[],Dandiset,0.6.0,https://dandiarchive.org/dandiset/000071/draft,draft,,,,
67,67,DANDI:000072,neural data (2022). (Version draft) [Data set]. DANDI archive. https://dandiarchive.org/dandiset/000072/draft,neural data,0,0,,,[],Dandiset,0.6.0,https://dandiarchive.org/dandiset/000072/draft,draft,,,,
68,68,DANDI:000105,"Chung, Kwanghun; Kamentsky, Lee (2022) MGH19-1-021520 (Version draft) [Data set]. DANDI archive. https://dandiarchive.org/dandiset/000105/draft",MGH19-1-021520,2542027975752,2,1.0,[],[],Dandiset,0.6.0,https://dandiarchive.org/dandiset/000105/draft,draft,,Brain Imaging Data Structure (BIDS),,
69,69,DANDI:000106,Electrophysiology data from simultaneous recordings (2022). (Version draft) [Data set]. DANDI archive. https://dandiarchive.org/dandiset/000106/draft,Electrophysiology data from simultaneous recordings,0,0,,,[],Dandiset,0.6.0,https://dandiarchive.org/dandiset/000106/draft,draft,,,,
70,70,DANDI:000107,IVSCC stimulus sets (2022). (Version draft) [Data set]. DANDI archive. https://dandiarchive.org/dandiset/000107/draft,IVSCC stimulus sets,39294842,1,,[],"['electrophysiology', 'MIES ']",Dandiset,0.6.0,https://dandiarchive.org/dandiset/000107/draft,draft,,Neurodata Without Borders (NWB),,
71,71,DANDI:000108,"Kamentsky, Lee (2022) MITU01 - Light sheet imaging of the human brain (Version draft) [Data set]. DANDI archive. https://dandiarchive.org/dandiset/000108/draft",MITU01 - Light sheet imaging of the human brain,0,0,,,[],Dandiset,0.6.0,https://dandiarchive.org/dandiset/000108/draft,draft,,,,
72,72,DANDI:000109,Allen Institute for Brian Science (2022) Patch-seq recordings from human cortex (June 2021) (Version draft) [Data set]. DANDI archive. https://dandiarchive.org/dandiset/000109/draft,Patch-seq recordings from human cortex (June 2021),14212577893,350,39.0,['ProcessingModule'],"['Patch-seq', 'human', 'neocortex']",Dandiset,0.6.0,https://dandiarchive.org/dandiset/000109/draft,draft,Human,Neurodata Without Borders (NWB),,
73,73,DANDI:000110,Foobar (2022). (Version draft) [Data set]. DANDI archive. https://dandiarchive.org/dandiset/000110/draft,Foobar,0,0,,,,Dandiset,0.6.0,https://dandiarchive.org/dandiset/000110/draft,draft,,,,
74,74,DANDI:000111,ZZZ (2022). (Version draft) [Data set]. DANDI archive. https://dandiarchive.org/dandiset/000111/draft,ZZZ,0,0,,,,Dandiset,0.6.0,https://dandiarchive.org/dandiset/000111/draft,draft,,,,
75,75,DANDI:000112,Test (2022). (Version draft) [Data set]. DANDI archive. https://dandiarchive.org/dandiset/000112/draft,Test,0,0,,,,Dandiset,0.6.0,https://dandiarchive.org/dandiset/000112/draft,draft,,,,
76,76,DANDI:000113,bla (2022). (Version draft) [Data set]. DANDI archive. https://dandiarchive.org/dandiset/000113/draft,bla,0,0,,,,Dandiset,0.6.0,https://dandiarchive.org/dandiset/000113/draft,draft,,,,
77,77,DANDI:000114,Single-unit recordings in mouse PVN (2022). (Version draft) [Data set]. DANDI archive. https://dandiarchive.org/dandiset/000114/draft,Single-unit recordings in mouse PVN,0,0,,,[],Dandiset,0.6.0,https://dandiarchive.org/dandiset/000114/draft,draft,,,,
78,78,DANDI:000115,"Gillespie, Anna; Astudillo Maya, Daniela; Denovellis, Eric; Liu, Daniel; Kastner, David; Coulter, Michael; Roumis, Demetris; Frank, Loren (2022) Gillespie et al (2021) Hippocampal replay reflects specific past experiences rather than a plan for subsequent choice (Version draft) [Data set]. DANDI archive. https://dandiarchive.org/dandiset/000115/draft",Gillespie et al (2021) Hippocampal replay reflects specific past experiences rather than a plan for subsequent choice,9103698757665,57,4.0,"['ElectricalSeries', 'Position', 'SpatialSeries', 'BehavioralEvents', 'ProcessingModule']",[],Dandiset,0.6.0,https://dandiarchive.org/dandiset/000115/draft,draft,Rat; norway rat; rats; brown rat,Neurodata Without Borders (NWB),https://www.cell.com/neuron/fulltext/S0896-6273(21)00573-0,
79,79,DANDI:000116,"Zhang, Guang-Wei (2022) Test_upload_LiZhang_SpinalCord (Version draft) [Data set]. DANDI archive. https://dandiarchive.org/dandiset/000116/draft",Test_upload_LiZhang_SpinalCord,0,0,,,[],Dandiset,0.6.0,https://dandiarchive.org/dandiset/000116/draft,draft,,,,
80,80,DANDI:000117,"Zhang, Guang-Wei (2022) 1U01MH116990-01_July_2021 (Version draft) [Data set]. DANDI archive. https://dandiarchive.org/dandiset/000117/draft",1U01MH116990-01_July_2021,142552658,197,197.0,"['CurrentClampStimulusSeries', 'CurrentClampSeries', 'VoltageClampSeries', 'VoltageClampStimulusSeries']","['spinal cord', 'patch-clamp']",Dandiset,0.6.0,https://dandiarchive.org/dandiset/000117/draft,draft,,Neurodata Without Borders (NWB),,
81,81,DANDI:000118,"Dichter, Ben (2022) user test (Version draft) [Data set]. DANDI archive. https://dandiarchive.org/dandiset/000118/draft",user test,0,0,,,,Dandiset,0.6.0,https://dandiarchive.org/dandiset/000118/draft,draft,,,,
82,82,DANDI:000119,"Jarecka, Dorota (2022) ble (Version draft) [Data set]. DANDI archive. https://dandiarchive.org/dandiset/000119/draft",ble,0,0,,,[],Dandiset,0.6.0,https://dandiarchive.org/dandiset/000119/draft,draft,,,,
83,83,DANDI:000120,",  (2022) test (Version draft) [Data set]. DANDI archive. https://dandiarchive.org/dandiset/000120/draft",test,0,0,,,,Dandiset,0.6.0,https://dandiarchive.org/dandiset/000120/draft,draft,,,,
84,84,DANDI:000121,"Even-Chen, Nir; Sheffer, Blue; Vyas, Saurabh; Ryu, Stephen; Shenoy, Krishna (2022) Structure and variability of delay activity in premotor cortex (Version draft) [Data set]. DANDI archive. https://dandiarchive.org/dandiset/000121/draft",Structure and variability of delay activity in premotor cortex,0,0,,,[],Dandiset,0.6.0,https://dandiarchive.org/dandiset/000121/draft,draft,,,https://doi.org/10.1371/journal.pcbi.1006808,
85,85,DANDI:000122,"Erat Sleiter, Darin (2022) Human fNIRS recordings of motor cortex during finger-tapping task (Version draft) [Data set]. DANDI archive. https://dandiarchive.org/dandiset/000122/draft",Human fNIRS recordings of motor cortex during finger-tapping task,49898320,5,5.0,[],"['fNIRS', 'Haemodynamics', 'Motor Cortex', 'Finger Tapping Task']",Dandiset,0.6.0,https://dandiarchive.org/dandiset/000122/draft,draft,,Neurodata Without Borders (NWB),https://github.com/rob-luke/BIDS-NIRS-Tapping,
86,86,DANDI:000123,"Choudhury, Roni (2022) test (Version draft) [Data set]. DANDI archive. https://dandiarchive.org/dandiset/000123/draft",test,0,0,,,[],Dandiset,0.6.0,https://dandiarchive.org/dandiset/000123/draft,draft,,,,
87,87,DANDI:000124,"Choudhury, Roni (2022) footest (Version draft) [Data set]. DANDI archive. https://dandiarchive.org/dandiset/000124/draft",footest,0,0,,,,Dandiset,0.6.0,https://dandiarchive.org/dandiset/000124/draft,draft,,,,
88,88,DANDI:000125,"Churchland, Mark; Kauffman, Matthew; Cunningham, John; Foster, Justin; Shenoy, Krishna; Ryu, Stephen; Nuyujukian, Paul (2022) Neural population dynamics during reaching: analysis dataset (Version draft) [Data set]. DANDI archive. https://dandiarchive.org/dandiset/000125/draft",Neural population dynamics during reaching: analysis dataset,0,0,,,[],Dandiset,0.6.0,https://dandiarchive.org/dandiset/000125/draft,draft,,,https://www.nature.com/articles/nature11129,
89,89,DANDI:000126,"Ly, Ryan (2022) NWB API Test Data (Version draft) [Data set]. DANDI archive. https://dandiarchive.org/dandiset/000126/draft",NWB API Test Data,167058036,5,2.0,['ProcessingModule'],[],Dandiset,0.6.0,https://dandiarchive.org/dandiset/000126/draft,draft,House mouse,Neurodata Without Borders (NWB),,
90,90,DANDI:000127,"Chowdhury, Raeed; Miller, Lee (2022) Area2_Bump: macaque somatosensory area 2 spiking activity during reaching with perturbations (Version draft) [Data set]. DANDI archive. https://dandiarchive.org/dandiset/000127/draft",Area2_Bump: macaque somatosensory area 2 spiking activity during reaching with perturbations,1823368810,2,1.0,"['ElectrodeGroup', 'Units', 'SpatialSeries', 'ProcessingModule']","['Neural Latents Benchmark', 'NLB']",Dandiset,0.6.0,https://dandiarchive.org/dandiset/000127/draft,draft,Rhesus monkey,Neurodata Without Borders (NWB),https://doi.org/10.7554/eLife.48198,
91,91,DANDI:000128,"Churchland, Mark; Kaufman, Matthew (2022) MC_Maze: macaque primary motor and dorsal premotor cortex spiking activity during delayed reaching (Version draft) [Data set]. DANDI archive. https://dandiarchive.org/dandiset/000128/draft",MC_Maze: macaque primary motor and dorsal premotor cortex spiking activity during delayed reaching,694004935,2,1.0,"['Units', 'ProcessingModule']","['Neural Latents Benchmark', 'NLB']",Dandiset,0.6.0,https://dandiarchive.org/dandiset/000128/draft,draft,Rhesus monkey,Neurodata Without Borders (NWB),https://doi.org/10.1016/j.neuron.2010.09.015,
92,92,DANDI:000129,"O'Doherty, Joseph (2022) MC_RTT: macaque motor cortex spiking activity during self-paced reaching (Version draft) [Data set]. DANDI archive. https://dandiarchive.org/dandiset/000129/draft",MC_RTT: macaque motor cortex spiking activity during self-paced reaching,50965512,2,1.0,"['Units', 'ElectrodeGroup', 'ProcessingModule']","['Neural Latents Benchmark', 'NLB']",Dandiset,0.6.0,https://dandiarchive.org/dandiset/000129/draft,draft,Rhesus monkey,Neurodata Without Borders (NWB),https://doi.org/10.5281/zenodo.3854034,
93,93,DANDI:000130,"Sohn, Hansem; Jazayeri, Mehrdad (2022) DMFC_RSG: macaque dorsomedial frontal cortex spiking activity during time interval reproduction task (Version draft) [Data set]. DANDI archive. https://dandiarchive.org/dandiset/000130/draft",DMFC_RSG: macaque dorsomedial frontal cortex spiking activity during time interval reproduction task,15673496,2,1.0,['Units'],"['Neural Latents Benchmark', 'NLB']",Dandiset,0.6.0,https://dandiarchive.org/dandiset/000130/draft,draft,Rhesus monkey,Neurodata Without Borders (NWB),https://doi.org/10.1016/j.neuron.2019.06.012,
94,94,DANDI:000131,",  (2022) Nestdesktop PK (Version draft) [Data set]. DANDI archive. https://dandiarchive.org/dandiset/000131/draft",Nestdesktop PK,0,0,,,,Dandiset,0.6.0,https://dandiarchive.org/dandiset/000131/draft,draft,,,,
95,95,DANDI:000132,",  (2022) Neurex Summer School (Version draft) [Data set]. DANDI archive. https://dandiarchive.org/dandiset/000132/draft",Neurex Summer School,0,0,,,,Dandiset,0.6.0,https://dandiarchive.org/dandiset/000132/draft,draft,,,,
96,96,DANDI:000133,",  (2022) nest dataset (Version draft) [Data set]. DANDI archive. https://dandiarchive.org/dandiset/000133/draft",nest dataset,0,0,,,,Dandiset,0.6.0,https://dandiarchive.org/dandiset/000133/draft,draft,,,,
97,97,DANDI:000134,",  (2022) neurex (Version draft) [Data set]. DANDI archive. https://dandiarchive.org/dandiset/000134/draft",neurex,0,0,,,,Dandiset,0.6.0,https://dandiarchive.org/dandiset/000134/draft,draft,,,,
98,98,DANDI:000135,"Durieux, Laura (2022) Test (Version draft) [Data set]. DANDI archive. https://dandiarchive.org/dandiset/000135/draft",Test,0,0,,,,Dandiset,0.6.0,https://dandiarchive.org/dandiset/000135/draft,draft,,,,
99,99,DANDI:000136,",  (2022) NEST (Version draft) [Data set]. DANDI archive. https://dandiarchive.org/dandiset/000136/draft",NEST,0,0,,,,Dandiset,0.6.0,https://dandiarchive.org/dandiset/000136/draft,draft,,,,
100,100,DANDI:000137,",  (2022) Neurex Summer School 2021 (Version draft) [Data set]. DANDI archive. https://dandiarchive.org/dandiset/000137/draft",Neurex Summer School 2021,0,0,,,,Dandiset,0.6.0,https://dandiarchive.org/dandiset/000137/draft,draft,,,,
101,101,DANDI:000138,"Churchland, Mark; Kaufman, Matthew (2022) MC_Maze_Large: macaque primary motor and dorsal premotor cortex spiking activity during delayed reaching (Version draft) [Data set]. DANDI archive. https://dandiarchive.org/dandiset/000138/draft",MC_Maze_Large: macaque primary motor and dorsal premotor cortex spiking activity during delayed reaching,149392888,2,1.0,"['Units', 'ProcessingModule']","['Neural Latents Benchmark', 'NLB']",Dandiset,0.6.0,https://dandiarchive.org/dandiset/000138/draft,draft,Rhesus monkey,Neurodata Without Borders (NWB),https://doi.org/10.1016/j.neuron.2010.09.015,
102,102,DANDI:000139,"Churchland, Mark; Kaufman, Matthew (2022) MC_Maze_Medium: macaque primary motor and dorsal premotor cortex spiking activity during delayed reaching (Version draft) [Data set]. DANDI archive. https://dandiarchive.org/dandiset/000139/draft",MC_Maze_Medium: macaque primary motor and dorsal premotor cortex spiking activity during delayed reaching,77300692,2,1.0,"['Units', 'ProcessingModule']","['Neural Latents Benchmark', 'NLB']",Dandiset,0.6.0,https://dandiarchive.org/dandiset/000139/draft,draft,Rhesus monkey,Neurodata Without Borders (NWB),https://doi.org/10.1016/j.neuron.2010.09.015,
103,103,DANDI:000140,"Churchland, Mark; Kaufman, Matthew (2022) MC_Maze_Small: macaque primary motor and dorsal premotor cortex spiking activity during delayed reaching (Version draft) [Data set]. DANDI archive. https://dandiarchive.org/dandiset/000140/draft",MC_Maze_Small: macaque primary motor and dorsal premotor cortex spiking activity during delayed reaching,29896840,2,1.0,"['Units', 'ProcessingModule']","['Neural Latents Benchmark', 'NLB']",Dandiset,0.6.0,https://dandiarchive.org/dandiset/000140/draft,draft,Rhesus monkey,Neurodata Without Borders (NWB),https://doi.org/10.1016/j.neuron.2010.09.015,
104,104,DANDI:000141,",  (2022) TravelingDirection_2021 (Version draft) [Data set]. DANDI archive. https://dandiarchive.org/dandiset/000141/draft",TravelingDirection_2021,0,0,,,[],Dandiset,0.6.0,https://dandiarchive.org/dandiset/000141/draft,draft,,,,
105,105,DANDI:000142,20210923_AIBS_Patchseq_human (2022). (Version draft) [Data set]. DANDI archive. https://dandiarchive.org/dandiset/000142/draft,20210923_AIBS_Patchseq_human,26800026646,717,68.0,['ProcessingModule'],"['Patch-seq', 'human', 'neocortical']",Dandiset,0.6.0,https://dandiarchive.org/dandiset/000142/draft,draft,Human,Neurodata Without Borders (NWB),,
106,106,DANDI:000143,"DeLorenzo, Lauren (2022) IHC Validation Data (Version draft) [Data set]. DANDI archive. https://dandiarchive.org/dandiset/000143/draft",IHC Validation Data,9999341,50,2.0,[],[],Dandiset,0.6.0,https://dandiarchive.org/dandiset/000143/draft,draft,,Brain Imaging Data Structure (BIDS),,
107,107,DANDI:000144,"Roat, Chris (2022) croat-test (Version draft) [Data set]. DANDI archive. https://dandiarchive.org/dandiset/000144/draft",croat-test,589064856,2,1.0,"['PlaneSegmentation', 'ProcessingModule', 'TwoPhotonSeries']",,Dandiset,0.6.0,https://dandiarchive.org/dandiset/000144/draft,draft,,Neurodata Without Borders (NWB),,
108,108,DANDI:000145,"Roat, Chris (2022) Test 2 (Version draft) [Data set]. DANDI archive. https://dandiarchive.org/dandiset/000145/draft",Test 2,0,0,,,,Dandiset,0.6.0,https://dandiarchive.org/dandiset/000145/draft,draft,,,,
109,109,DANDI:000146,",  (2022) NYB (Version draft) [Data set]. DANDI archive. https://dandiarchive.org/dandiset/000146/draft",NYB,0,0,,,,Dandiset,0.6.0,https://dandiarchive.org/dandiset/000146/draft,draft,,,,
110,110,DANDI:000147,"Guan, Charles; Aflalo, Tyson; Zhang, Carey; Andersen, Richard (2022) PPC_Finger: human posterior parietal cortex recordings during attempted finger movements (Version draft) [Data set]. DANDI archive. https://dandiarchive.org/dandiset/000147/draft",PPC_Finger: human posterior parietal cortex recordings during attempted finger movements,77665528,10,1.0,"['Units', 'ElectrodeGroup']",[],Dandiset,0.6.0,https://dandiarchive.org/dandiset/000147/draft,draft,Homo sapiens - Human,Neurodata Without Borders (NWB),https://doi.org/10.1101/2021.10.07.463105,
111,111,DANDI:000148,"Zhang, Guang-Wei; Tao, Can; Peng, Bo (2022) Electrophysiological properties of adult mouse spinal cord neurons - 01_Oct_2021 (Version draft) [Data set]. DANDI archive. https://dandiarchive.org/dandiset/000148/draft",Electrophysiological properties of adult mouse spinal cord neurons - 01_Oct_2021,929635440,46,46.0,"['CurrentClampStimulusSeries', 'CurrentClampSeries']",[],Dandiset,0.6.0,https://dandiarchive.org/dandiset/000148/draft,draft,Mus musculus - House mouse,Neurodata Without Borders (NWB),,
112,112,DANDI:000149,International Brain Laboratory (2022) IBL ephys data (Version draft) [Data set]. DANDI archive. https://dandiarchive.org/dandiset/000149/draft,IBL ephys data,1980839948948,4,4.0,"['Position', 'Units', 'BehavioralTimeSeries', 'ElectrodeGroup']",[],Dandiset,0.6.0,https://dandiarchive.org/dandiset/000149/draft,draft,House mouse,Neurodata Without Borders (NWB),,
113,113,DANDI:000150,",  (2022) test_release_openscope (Version draft) [Data set]. DANDI archive. https://dandiarchive.org/dandiset/000150/draft",test_release_openscope,0,0,,,,Dandiset,0.6.0,https://dandiarchive.org/dandiset/000150/draft,draft,,,,
114,114,DANDI:000151,"Lecoq, Jerome (2022) OpenScope_Credit_assignement_raw_test (Version draft) [Data set]. DANDI archive. https://dandiarchive.org/dandiset/000151/draft",OpenScope_Credit_assignement_raw_test,0,0,,,,Dandiset,0.6.0,https://dandiarchive.org/dandiset/000151/draft,draft,,,,
115,115,DANDI:000152,"Jarecka, Dorota (2022) test_workshop (Version draft) [Data set]. DANDI archive. https://dandiarchive.org/dandiset/000152/draft",test_workshop,0,0,,,[],Dandiset,0.6.0,https://dandiarchive.org/dandiset/000152/draft,draft,,,,
116,116,DANDI:000153,"H Smith, Elliot (2022) IEDs (Version draft) [Data set]. DANDI archive. https://dandiarchive.org/dandiset/000153/draft",IEDs,0,0,,,[],Dandiset,0.6.0,https://dandiarchive.org/dandiset/000153/draft,draft,,,,
117,117,DANDI:000154,",  (2022) test dandi workshop (Version draft) [Data set]. DANDI archive. https://dandiarchive.org/dandiset/000154/draft",test dandi workshop,0,0,,,[],Dandiset,0.6.0,https://dandiarchive.org/dandiset/000154/draft,draft,,,,
118,118,DANDI:000155,"denman, daniel (2022) dandi workshop djd (Version draft) [Data set]. DANDI archive. https://dandiarchive.org/dandiset/000155/draft",dandi workshop djd,0,0,,,,Dandiset,0.6.0,https://dandiarchive.org/dandiset/000155/draft,draft,,,,
119,119,DANDI:000156,"Chrapkiewicz, Radek (2022) dandi workshop to be deleted (Version draft) [Data set]. DANDI archive. https://dandiarchive.org/dandiset/000156/draft",dandi workshop to be deleted,0,0,,,['mouse'],Dandiset,0.6.0,https://dandiarchive.org/dandiset/000156/draft,draft,,,,
120,120,DANDI:000157,",  (2022) xiaoai (Version draft) [Data set]. DANDI archive. https://dandiarchive.org/dandiset/000157/draft",xiaoai,0,0,,,,Dandiset,0.6.0,https://dandiarchive.org/dandiset/000157/draft,draft,,,,
121,121,DANDI:000158,"C. Petersen, Peter (2022) My Project (Version draft) [Data set]. DANDI archive. https://dandiarchive.org/dandiset/000158/draft",My Project,0,0,,,,Dandiset,0.6.0,https://dandiarchive.org/dandiset/000158/draft,draft,,,,
122,122,DANDI:000159,",  (2022) dandi workshop (Version draft) [Data set]. DANDI archive. https://dandiarchive.org/dandiset/000159/draft",dandi workshop,0,0,,,[],Dandiset,0.6.0,https://dandiarchive.org/dandiset/000159/draft,draft,,,,
123,123,DANDI:000160,",  (2022) Test_G (Version draft) [Data set]. DANDI archive. https://dandiarchive.org/dandiset/000160/draft",Test_G,0,0,,,,Dandiset,0.6.0,https://dandiarchive.org/dandiset/000160/draft,draft,,,,
124,124,DANDI:000161,",  (2022) VD Dandi Workshop Test (Version draft) [Data set]. DANDI archive. https://dandiarchive.org/dandiset/000161/draft",VD Dandi Workshop Test,0,0,,,[],Dandiset,0.6.0,https://dandiarchive.org/dandiset/000161/draft,draft,,,,
125,125,DANDI:000162,",  (2022) Shin test (Version draft) [Data set]. DANDI archive. https://dandiarchive.org/dandiset/000162/draft",Shin test,0,0,,,,Dandiset,0.6.0,https://dandiarchive.org/dandiset/000162/draft,draft,,,,
126,126,DANDI:000163,",  (2022) xx (Version draft) [Data set]. DANDI archive. https://dandiarchive.org/dandiset/000163/draft",xx,0,0,,,[],Dandiset,0.6.0,https://dandiarchive.org/dandiset/000163/draft,draft,,,,
127,127,DANDI:000164,",  (2022) test (Version draft) [Data set]. DANDI archive. https://dandiarchive.org/dandiset/000164/draft",test,0,0,,,,Dandiset,0.6.0,https://dandiarchive.org/dandiset/000164/draft,draft,,,,
128,128,DANDI:000165,"Aery Jones, Emily; Rao, Antara; Zilberter, Misha; Djukic, Biljana; Gillespie, Anna K.; Koutsodendris, Nicole; Nelson, Maxine; Yoon, Seo Yeon; Huang, Ky; Yuan, Heidi; Gill, Theodore M.; Huang, Yadong; Frank, Loren M. (2022) Aery Jones et al (2021) Dentate Gyrus and CA3 GABAergic Interneurons Bidirectionally Modulate Signatures of Internal and External Drive to CA1 (Version draft) [Data set]. DANDI archive. https://dandiarchive.org/dandiset/000165/draft",Aery Jones et al (2021) Dentate Gyrus and CA3 GABAergic Interneurons Bidirectionally Modulate Signatures of Internal and External Drive to CA1,98043538088,572,64.0,"['Units', 'Position', 'LFP', 'SpatialSeries', 'ElectricalSeries', 'ElectrodeGroup']","['hippocampus', 'mouse', 'LFP']",Dandiset,0.6.0,https://dandiarchive.org/dandiset/000165/draft,draft,House mouse,Neurodata Without Borders (NWB),https://www.biorxiv.org/content/10.1101/2021.01.04.425303v1,
129,129,DANDI:000166,"Senzai, Yuta; Fernandez-Ruiz, Antonio; Buzsáki, György (2022) Layer-Specific Physiological Features and Interlaminar Interactions in the Primary Visual Cortex of the Mouse (Version draft) [Data set]. DANDI archive. https://dandiarchive.org/dandiset/000166/draft",Layer-Specific Physiological Features and Interlaminar Interactions in the Primary Visual Cortex of the Mouse,787191910918,19,19.0,"['ElectrodeGroup', 'Units', 'LFP']","['current source density ', 'laminar recordings ', 'cortex', 'electrophysiology']",Dandiset,0.6.0,https://dandiarchive.org/dandiset/000166/draft,draft,House mouse,Neurodata Without Borders (NWB),https://doi.org/10.1016/j.neuron.2018.12.009,
130,130,DANDI:000167,"PIERRÉ, Andrea (2022) Odor_Set_1 (Version draft) [Data set]. DANDI archive. https://dandiarchive.org/dandiset/000167/draft",Odor_Set_1,975789016,5,5.0,"['PlaneSegmentation', 'ProcessingModule']",[],Dandiset,0.6.0,https://dandiarchive.org/dandiset/000167/draft,draft,House mouse,Neurodata Without Borders (NWB),,
131,131,DANDI:000168,"Rozsa, Marton; Liang, Yajie; Zhang, Yan; Hasseman, Jeremy; Kolb, Ilya; Looger, Loren; Svoboda, Karel; HHMI (2022) Simultaneous loose seal cell-attached recordings  and two-photon imaging of GCaMP8 expressing mouse V1 neurons with drifting gratings visual stimuli (Version draft) [Data set]. DANDI archive. https://dandiarchive.org/dandiset/000168/draft",Simultaneous loose seal cell-attached recordings  and two-photon imaging of GCaMP8 expressing mouse V1 neurons with drifting gratings visual stimuli,1379111602445,170,30.0,"['PlaneSegmentation', 'CurrentClampStimulusSeries', 'CurrentClampSeries', 'TwoPhotonSeries', 'ProcessingModule', 'VoltageClampStimulusSeries', 'VoltageClampSeries']","['2-photon', 'visual cortex', 'calcium', 'spike', 'action potential', 'layer 2', 'AAV', 'adeno-associated virus', 'jGCaMP8s', 'jGCaMP8m', 'jGCaMP8f', 'jGCaMP7f', 'XCaMP-Gf']",Dandiset,0.6.0,https://dandiarchive.org/dandiset/000168/draft,draft,Mus musculus - House mouse,Neurodata Without Borders (NWB),https://www.janelia.org/jgcamp8-calcium-indicators,
132,132,DANDI:000169,",  (2022) Milti-probe Neuropixels recordings in mouse visual system (additional data) (Version draft) [Data set]. DANDI archive. https://dandiarchive.org/dandiset/000169/draft",Milti-probe Neuropixels recordings in mouse visual system (additional data),0,0,,,[],Dandiset,0.6.0,https://dandiarchive.org/dandiset/000169/draft,draft,,,,
133,133,DANDI:000170,",  (2022) CRACK (Version draft) [Data set]. DANDI archive. https://dandiarchive.org/dandiset/000170/draft",CRACK,0,0,,,,Dandiset,0.6.0,https://dandiarchive.org/dandiset/000170/draft,draft,,,,
134,134,DANDI:000171,"Yu, Kai (2022) Test 1 (Version draft) [Data set]. DANDI archive. https://dandiarchive.org/dandiset/000171/draft",Test 1,0,0,,,,Dandiset,0.6.0,https://dandiarchive.org/dandiset/000171/draft,draft,,,,
135,135,DANDI:000172,"Howard, Derek; Chameh, Homeira Moradi; Valiante, Taufik; Tripathy, Shreejoy (2022) UHN whole-cell excitability recordings from mouse cortical neurons (Version draft) [Data set]. DANDI archive. https://dandiarchive.org/dandiset/000172/draft",UHN whole-cell excitability recordings from mouse cortical neurons,14726368,12,12.0,[],"['excitability', 'cortex', 'mouse']",Dandiset,0.6.0,https://dandiarchive.org/dandiset/000172/draft,draft,House mouse,Neurodata Without Borders (NWB),,
136,136,DANDI:000173,Sandhya Ramachandran; Carnegie Mellon University; Xiaodan Niu; Kai Yu; Bin He (2022) Neural Spiking Data in Primary Somatosensory Cortex before and after Transcranial Focused Ultrasound Stimulation in Rats (Version draft) [Data set]. DANDI archive. https://dandiarchive.org/dandiset/000173/draft,Neural Spiking Data in Primary Somatosensory Cortex before and after Transcranial Focused Ultrasound Stimulation in Rats,240963992,118,30.0,['Units'],"['Ultrasound', 'Plasticity', 'Rat', 'tFUS', 'Somatosensory Cortex']",Dandiset,0.6.0,https://dandiarchive.org/dandiset/000173/draft,draft,Rattus norvegicus - Norway rat,Neurodata Without Borders (NWB),,
137,137,DANDI:000206,"Smith, Spencer; McGreal, Ryan; Canzano, Joseph (2022) Visual cortical activity in mice performing naturalistic virtual foraging task (Version draft) [Data set]. DANDI archive. https://dandiarchive.org/dandiset/000206/draft",Visual cortical activity in mice performing naturalistic virtual foraging task,118359600,1,1.0,"['SpatialSeries', 'ImagingPlane', 'Position', 'OpticalChannel']",[],Dandiset,0.6.0,https://dandiarchive.org/dandiset/000206/draft,draft,House mouse,Neurodata Without Borders (NWB),,
138,138,DANDI:000207,"Zheng, Jie; Schjetnan, Andrea; Yebra, Mar; Gomes, Bernard; Mosher, Clayton; Kalia, Suneil; Valiante, Taufik; Mamelak, Adam; Kreiman, Gabriel; Rutishauser, Ueli (2022) Data for: Neurons detect cognitive boundaries to structure episodic memories in humans (Zheng et al., 2022, Nat Neuro in press) (Version draft) [Data set]. DANDI archive. https://dandiarchive.org/dandiset/000207/draft","Data for: Neurons detect cognitive boundaries to structure episodic memories in humans (Zheng et al., 2022, Nat Neuro in press)",50344811,19,19.0,['Units'],"['human single neuron', 'hippocampus', 'episodic memory', 'event segmentation', 'amygdala', 'parahippocampal gyrus', 'cognitive boundaries', 'continuous experience', 'ROH consortium']",Dandiset,0.6.0,https://dandiarchive.org/dandiset/000207/draft,draft,Homo sapiens - Human,Neurodata Without Borders (NWB),https://github.com/rutishauserlab/cogboundary-zheng,
139,139,DANDI:000208,", Derek (2022) UHN_mouse_L5_patchclamp (Version draft) [Data set]. DANDI archive. https://dandiarchive.org/dandiset/000208/draft",UHN_mouse_L5_patchclamp,0,0,,,,Dandiset,0.6.0,https://dandiarchive.org/dandiset/000208/draft,draft,,,,
140,140,DANDI:000209,"Wakeman, Wayne (2022) 20211223_AIBS_Patchseq_human (Version draft) [Data set]. DANDI archive. https://dandiarchive.org/dandiset/000209/draft",20211223_AIBS_Patchseq_human,11109213211,291,67.0,['ProcessingModule'],,Dandiset,0.6.0,https://dandiarchive.org/dandiset/000209/draft,draft,Human,Neurodata Without Borders (NWB),,
141,141,DANDI:000210,"Canzano, Joe (2022) Visual cortical activity in mice performing naturalistic virtual foraging task (Version draft) [Data set]. DANDI archive. https://dandiarchive.org/dandiset/000210/draft",Visual cortical activity in mice performing naturalistic virtual foraging task,0,0,,,,Dandiset,0.6.0,https://dandiarchive.org/dandiset/000210/draft,draft,,,,
142,142,DANDI:000211,"Howard, Derek; Chameh, Homeira Moradi; Valiante, Taufik; Tripathy, Shreejoy (2022) UHN whole-cell excitability recordings from human cortical neurons (Version draft) [Data set]. DANDI archive. https://dandiarchive.org/dandiset/000211/draft",UHN whole-cell excitability recordings from human cortical neurons,252235346,129,54.0,[],"['excitability', 'human', 'cortex']",Dandiset,0.6.0,https://dandiarchive.org/dandiset/000211/draft,draft,Human,Neurodata Without Borders (NWB),,
143,143,DANDI:000212,"Vijayan, Vikram; Maimon, Gaby;  National Institutes of Health (2022) Tracking of Drosophila during egg-laying decisions (Version draft) [Data set]. DANDI archive. https://dandiarchive.org/dandiset/000212/draft",Tracking of Drosophila during egg-laying decisions,8226021592,929,929.0,"['Position', 'ProcessingModule', 'SpatialSeries']","['Drosophila', 'egg laying', 'flies', 'decision making', 'internal expectation']",Dandiset,0.6.0,https://dandiarchive.org/dandiset/000212/draft,draft,Drosophila melanogaster - Fruit fly,Neurodata Without Borders (NWB),https://www.biorxiv.org/content/10.1101/2021.09.23.461548v1,
144,144,DANDI:000213,"Tingley, David; Buzsáki, Gyórgy (2022) Transformation of a Spatial Map across the Hippocampal-Lateral Septal Circuit (Version draft) [Data set]. DANDI archive. https://dandiarchive.org/dandiset/000213/draft",Transformation of a Spatial Map across the Hippocampal-Lateral Septal Circuit,1527009268863,67,5.0,"['Position', 'CompassDirection', 'ElectricalSeries', 'LFP', 'Units', 'SpatialSeries']","['hippocampus', 'lateral septum', 'electrophysiology']",Dandiset,0.6.0,https://dandiarchive.org/dandiset/000213/draft,draft,Rattus norvegicus - Norway rat,Neurodata Without Borders (NWB),https://doi.org/10.1016/j.neuron.2018.04.028,
145,145,DANDI:000214,"Zhang, Guang-Wei (2022) Jan_2022_DANDI (Version draft) [Data set]. DANDI archive. https://dandiarchive.org/dandiset/000214/draft",Jan_2022_DANDI,0,0,,,,Dandiset,0.6.0,https://dandiarchive.org/dandiset/000214/draft,draft,,,,
146,146,DANDI:000215,"Zhang, Guang-Wei (2022) 1U01MH116990-01_Jan_2022 (Version draft) [Data set]. DANDI archive. https://dandiarchive.org/dandiset/000215/draft",1U01MH116990-01_Jan_2022,0,0,,,['spinal cord '],Dandiset,0.6.0,https://dandiarchive.org/dandiset/000215/draft,draft,,,,
147,147,DANDI:000216,"Zhang, Guang-Wei (2022) 1U01MH116990-01_Jan_2022 (Version draft) [Data set]. DANDI archive. https://dandiarchive.org/dandiset/000216/draft",1U01MH116990-01_Jan_2022,0,0,,,,Dandiset,0.6.0,https://dandiarchive.org/dandiset/000216/draft,draft,,,,
148,148,DANDI:000217,"Findley, Teresa; Wyrick, David G; Cramer, Jennifer L; Brown, Morgan A; Holcomb, Blake; Attey, Robin; Yeh, Dorian; Monasevitch, Eric; Nouboussi, Nelly; Cullen, Isabelle; Songco, Jeremea O; King, Jared F; Ahmadian, Yashar; Smear, Matt (2022) Sniff-synchronized, gradient-guided olfactory search by freely moving mice -- Behavioral Dataset (Version draft) [Data set]. DANDI archive. https://dandiarchive.org/dandiset/000217/draft","Sniff-synchronized, gradient-guided olfactory search by freely moving mice -- Behavioral Dataset",2152038728,1121,25.0,[],[],Dandiset,0.6.2,https://dandiarchive.org/dandiset/000217/draft,draft,Mus musculus - House mouse,Neurodata Without Borders (NWB),,
149,149,DANDI:000218,"Tingley, David; Buzáki, Gyórgy (2022) Routing of Hippocampal Ripples to Subcortical Structures via the Lateral Septum (Version draft) [Data set]. DANDI archive. https://dandiarchive.org/dandiset/000218/draft",Routing of Hippocampal Ripples to Subcortical Structures via the Lateral Septum,1512863479850,98,6.0,"['LFP', 'Units', 'ProcessingModule', 'Position', 'CompassDirection', 'ElectricalSeries', 'SpatialSeries']","['hippocampus', 'lateral septum', 'electrophyisology']",Dandiset,0.6.2,https://dandiarchive.org/dandiset/000218/draft,draft,Rattus norvegicus - Norway rat,Neurodata Without Borders (NWB),https://doi.org/10.1016/j.neuron.2019.10.012,
150,150,DANDI:000219,"Dard, Robin (2022) Two photon calcium imaging in the CA1 region of the hippocampus in neonatal mice (Version draft) [Data set]. DANDI archive. https://dandiarchive.org/dandiset/000219/draft",Two photon calcium imaging in the CA1 region of the hippocampus in neonatal mice.,73147035938,62,35.0,"['BehavioralEpochs', 'PlaneSegmentation', 'BehavioralTimeSeries', 'ProcessingModule']",[],Dandiset,0.6.2,https://dandiarchive.org/dandiset/000219/draft,draft,Mus musculus - House mouse,Neurodata Without Borders (NWB),https://gitlab.com/cossartlab/cicada,
151,151,DANDI:000220,"Zhang, Guang-Wei; Tao, Can; Peng, Bo (2022) Electrophysiological properties of adult mouse spinal cord neurons - 25_Jan_2022 (Version draft) [Data set]. DANDI archive. https://dandiarchive.org/dandiset/000220/draft",Electrophysiological properties of adult mouse spinal cord neurons - 25_Jan_2022,1202846808,34,34.0,[],[],Dandiset,0.6.2,https://dandiarchive.org/dandiset/000220/draft,draft,Mus musculus - House mouse,Neurodata Without Borders (NWB),,
152,152,DANDI:000221,"Inagaki, Hidehiko; Chen, Susu; Svoboda, Karel (2022) A midbrain-thalamus-cortex circuit reorganizes cortical dynamics to initiate movement (Version draft) [Data set]. DANDI archive. https://dandiarchive.org/dandiset/000221/draft",A midbrain-thalamus-cortex circuit reorganizes cortical dynamics to initiate movement,4422550232,263,44.0,"['SpikeEventSeries', 'ElectrodeGroup', 'Units']","['Midbrain', 'ALM', 'motor planning', 'movement initiation']",Dandiset,0.6.2,https://dandiarchive.org/dandiset/000221/draft,draft,Mus musculus - House mouse,Neurodata Without Borders (NWB),,
153,153,DANDI:000222,"O'Hare, Justin (2022) O'Hare et al 2022 (Version draft) [Data set]. DANDI archive. https://dandiarchive.org/dandiset/000222/draft",O'Hare et al 2022,0,0,,,"['neuroscience, dendrites, hippocampus, mouse, plasticity, endoplasmic reticulum, calcium']",Dandiset,0.6.2,https://dandiarchive.org/dandiset/000222/draft,draft,,,,
154,154,DANDI:000223,"Xue, Xiaohan; Buccino, Alessio; Kumar, Sreedhar Saseendran; Hierlemann, Andreas; Bartram, Julian (2022) Inferring monosynaptic connections from paired spine calcium imaging and large-scale recording of extracellular spiking (Version draft) [Data set]. DANDI archive. https://dandiarchive.org/dandiset/000223/draft",Inferring monosynaptic connections from paired spine calcium imaging and large-scale recording of extracellular spiking,84273722669,20,10.0,"['PlaneSegmentation', 'ElectrodeGroup', 'ProcessingModule', 'ElectricalSeries', 'TwoPhotonSeries', 'Units']",['calcium imaging; extracellular recordings; HD-MEA; spike sorting; dendritic spines'],Dandiset,0.6.2,https://dandiarchive.org/dandiset/000223/draft,draft,Rattus norvegicus - Norway rat,Neurodata Without Borders (NWB),,
155,155,DANDI:000225,"Khoury, Christine (2022) Neural and behavioral (Version draft) [Data set]. DANDI archive. https://dandiarchive.org/dandiset/000225/draft",Neural and behavioral,0,0,,,,Dandiset,0.6.2,https://dandiarchive.org/dandiset/000225/draft,draft,,,,
156,156,DANDI:000226,"Severson, Kyle; Xu, Duo; Van de Loo, Margaret; Bai, Ling; Ginty, David D; OConnor, Daniel H (2022) Active Touch and Self-Motion Encoding by Merkel Cell-Associated Afferents (Version draft) [Data set]. DANDI archive. https://dandiarchive.org/dandiset/000226/draft",Active Touch and Self-Motion Encoding by Merkel Cell-Associated Afferents,13745152235,60,43.0,"['Units', 'BehavioralTimeSeries', 'ProcessingModule']",[],Dandiset,0.6.2,https://dandiarchive.org/dandiset/000226/draft,draft,Mus musculus - House mouse,Neurodata Without Borders (NWB),https://doi.org/10.1016/j.neuron.2017.03.045,
157,157,DANDI:000227,"Liu, Qili (2022) Electrophysiological recordings in protein hunger neurons of Drosophila Melanogaster (Version draft) [Data set]. DANDI archive. https://dandiarchive.org/dandiset/000227/draft",Electrophysiological recordings in protein hunger neurons of Drosophila Melanogaster,0,0,,,,Dandiset,0.6.2,https://dandiarchive.org/dandiset/000227/draft,draft,,,,
158,158,DANDI:000228,"Chartrand, Thomas; Kalmbach, Brian; Molnar, Gabor; Tamas, Gabor; Lein, Ed (2022) 20220330_AIBS_Patchseq_human (Version draft) [Data set]. DANDI archive. https://dandiarchive.org/dandiset/000228/draft",20220330_AIBS_Patchseq_human,5816158527,91,64.0,"['CurrentClampStimulusSeries', 'CurrentClampSeries', 'VoltageClampStimulusSeries', 'VoltageClampSeries']","['Patch-seq', 'human', 'neocortical']",Dandiset,0.6.2,https://dandiarchive.org/dandiset/000228/draft,draft,Homo sapiens - Human,Neurodata Without Borders (NWB),,
159,159,DANDI:000229,"Findley, Teresa (2022) xxx (Version draft) [Data set]. DANDI archive. https://dandiarchive.org/dandiset/000229/draft",xxx,0,0,,,,Dandiset,0.6.2,https://dandiarchive.org/dandiset/000229/draft,draft,,,,
160,160,DANDI:000230,"Jacobsen, R Irene; Nair, Rajeevkumar R; Obenhaus, Horst A; Donato, Flavio; Slettmoen, Torstein; Moser, May-Britt; Moser, Edvard I (2022) Jacobsen 2022 (Version draft) [Data set]. DANDI archive. https://dandiarchive.org/dandiset/000230/draft",Jacobsen 2022,244968456,9,2.0,"['CompassDirection', 'Units', 'ElectrodeGroup', 'SpatialSeries', 'ElectricalSeries', 'BehavioralTimeSeries', 'ProcessingModule', 'LFP', 'Position']",[],Dandiset,0.6.2,https://dandiarchive.org/dandiset/000230/draft,draft,Mus musculus - House mouse,Neurodata Without Borders (NWB),https://www.biorxiv.org/content/10.1101/2021.10.18.464781v1,
161,161,DANDI:000231,"Rodgers, Chris (2022) A detailed behavioral, videographic, and neural dataset on object recognition in mice (Version draft) [Data set]. DANDI archive. https://dandiarchive.org/dandiset/000231/draft","A detailed behavioral, videographic, and neural dataset on object recognition in mice",1996516623953,4228,15.0,"['BehavioralTimeSeries', 'BehavioralEvents', 'ProcessingModule', 'Units', 'ElectrodeGroup', 'ElectricalSeries']","['mouse behavior', 'whisker system', 'somatosensory cortex', 'barrel cortex', 'object recognition', 'shape discrimination', 'electrophysiology', 'pose tracking', 'population recordings', 'single unit recordings']",Dandiset,0.6.2,https://dandiarchive.org/dandiset/000231/draft,draft,Mus musculus - House mouse,Neurodata Without Borders (NWB),,
162,162,DANDI:000232,"Chang, Yi-Ting; OConnor, Daniel H (2022) Rule-based modulation of  a sensorimotor transformation across cortical areas (Version draft) [Data set]. DANDI archive. https://dandiarchive.org/dandiset/000232/draft",Rule-based modulation of  a sensorimotor transformation across cortical areas,36639903614,86,13.0,"['LFP', 'Units', 'BehavioralTimeSeries', 'ElectrodeGroup', 'ProcessingModule', 'ElectricalSeries']",[],Dandiset,0.6.2,https://dandiarchive.org/dandiset/000232/draft,draft,Mus musculus - House mouse,Neurodata Without Borders (NWB),,
163,163,DANDI:000233,"Tingley, David; McClain, Kathryn; Kaya, Ekin; Carpenter, Jordan; Buzsáki, György (2022) A metabolic function of the hippocampal sharp wave-ripple (Version draft) [Data set]. DANDI archive. https://dandiarchive.org/dandiset/000233/draft",A metabolic function of the hippocampal sharp wave-ripple,12320920243380,345,25.0,"['ElectricalSeries', 'ProcessingModule', 'LFP', 'ElectrodeGroup']","['glucose', 'ecephys ', 'pharmacology']",Dandiset,0.6.2,https://dandiarchive.org/dandiset/000233/draft,draft,Rattus norvegicus - Norway rat,Neurodata Without Borders (NWB),https://www.nature.com/articles/s41586-021-03811-w,
164,164,DANDI:000239,"Xu, Duo; Chen, Yuxi; Dong, Mingyuan; Delgado, Angel M; Hughes, Natasha C; Zhang, Linghua; OConnor, Daniel H (2022) Cortical processing of flexible and context-dependent sensorimotor sequences (Version draft) [Data set]. DANDI archive. https://dandiarchive.org/dandiset/000239/draft",Cortical processing of flexible and context-dependent sensorimotor sequences,11769901909,754,33.0,"['BehavioralTimeSeries', 'Units', 'ProcessingModule']",[],Dandiset,0.6.2,https://dandiarchive.org/dandiset/000239/draft,draft,Mus musculus - House mouse,Neurodata Without Borders (NWB),https://doi.org/10.1038/s41586-022-04478-7,
165,165,DANDI:000241,"Jarecka, Dorota (2022) ngff testing (Version draft) [Data set]. DANDI archive. https://dandiarchive.org/dandiset/000241/draft",ngff testing,0,0,,,[],Dandiset,0.6.2,https://dandiarchive.org/dandiset/000241/draft,draft,,,,
166,166,DANDI:000243,"Johnson, G Allan; Calabrese, Evan; Ghosh, Satrajit (2022) MRI of human ex vivo brainstem (Version draft) [Data set]. DANDI archive. https://dandiarchive.org/dandiset/000243/draft",MRI of human ex vivo brainstem,6079714780,5,1.0,[],[],Dandiset,0.6.3,https://dandiarchive.org/dandiset/000243/draft,draft,,Brain Imaging Data Structure (BIDS),https://doi.org/10.1002/hbm.22836,
167,167,DANDI:000244,"O'Connor, Dave (2022) One photon mesoscale calcium imaging of multiple cell types (Version draft) [Data set]. DANDI archive. https://dandiarchive.org/dandiset/000244/draft",One photon mesoscale calcium imaging of multiple cell types,1068310244612,33,25.0,"['ImagingPlane', 'TwoPhotonSeries', 'OpticalChannel']",[],Dandiset,0.6.3,https://dandiarchive.org/dandiset/000244/draft,draft,Mus musculus - House mouse,Neurodata Without Borders (NWB),,
168,168,DANDI:000245,"Zhang, Guang-Wei; Tao, Can (2022) Electrophysiological properties of adult mouse spinal cord neurons - 22Q1_Ephys_DANDI (Version draft) [Data set]. DANDI archive. https://dandiarchive.org/dandiset/000245/draft",Electrophysiological properties of adult mouse spinal cord neurons - 22Q1_Ephys_DANDI,408910387,25,25.0,"['CurrentClampSeries', 'CurrentClampStimulusSeries']",[],Dandiset,0.6.3,https://dandiarchive.org/dandiset/000245/draft,draft,Mus musculus - House mouse,Neurodata Without Borders (NWB),,
169,169,DANDI:000246,"Icardi, Jacob (2022) developing CaMPARI3 (Version draft) [Data set]. DANDI archive. https://dandiarchive.org/dandiset/000246/draft",developing CaMPARI3,34485962600,2,1.0,"['OpticalChannel', 'ImagingPlane', 'ProcessingModule', 'TwoPhotonSeries', 'PlaneSegmentation']",[],Dandiset,0.6.3,https://dandiarchive.org/dandiset/000246/draft,draft,Mus musculus - House mouse,Neurodata Without Borders (NWB),,
170,170,DANDI:000249,"Schiavo, Jennifer K.; Valtcheva, Silvana; Bair-Marshall, Chloe J.; Song, Soomin C.; Martin, Kathleen A.; Froemke, Robert C. (2022) Innate and plastic mechanisms for maternal behaviour in auditory cortex (Version draft) [Data set]. DANDI archive. https://dandiarchive.org/dandiset/000249/draft",Innate and plastic mechanisms for maternal behaviour in auditory cortex,97968237237,777,54.0,"['OpticalChannel', 'ImagingPlane', 'TwoPhotonSeries']",['oxytocin'],Dandiset,0.6.3,https://dandiarchive.org/dandiset/000249/draft,draft,Mus musculus - House mouse,Neurodata Without Borders (NWB),,
171,171,DANDI:000251,"Kim, HyungGoo; Malik, Athar; Mikhael, John; Bech, Pol; Tsutsui-Kimura, Iku; Sun, Fangmiao; Zhang, Yajun; Li, Yulong; Watabe-Uchida, Mitsuko; Gershman, Samuel; Uchida, Naoshige (2022) A Unified Framework for Dopamine Signals across Timescales (Version draft) [Data set]. DANDI archive. https://dandiarchive.org/dandiset/000251/draft",A Unified Framework for Dopamine Signals across Timescales,2175642248,513,53.0,"['SpatialSeries', 'ProcessingModule', 'Units']",[],Dandiset,0.6.3,https://dandiarchive.org/dandiset/000251/draft,draft,Mus musculus - House mouse,Neurodata Without Borders (NWB),,
172,172,DANDI:000252,"Guan, Charles (2022) PPC_Finger_RL: human posterior parietal cortex recordings during attempted finger movements of right and left hands (Version draft) [Data set]. DANDI archive. https://dandiarchive.org/dandiset/000252/draft",PPC_Finger_RL: human posterior parietal cortex recordings during attempted finger movements of right and left hands,0,0,,,,Dandiset,0.6.3,https://dandiarchive.org/dandiset/000252/draft,draft,,,,
173,173,DANDI:000255,"Bazin, Pierre-Louis (2022) A unified 3D map of microscopic architecture and MRI of the human brain (Version draft) [Data set]. DANDI archive. https://dandiarchive.org/dandiset/000255/draft",A unified 3D map of microscopic architecture and MRI of the human brain,0,0,,,,Dandiset,0.6.3,https://dandiarchive.org/dandiset/000255/draft,draft,,,,
174,174,DANDI:000288,"Mei, Nicholas (2022) 20220630_AIBS_Patchseq_human (Version draft) [Data set]. DANDI archive. https://dandiarchive.org/dandiset/000288/draft",20220630_AIBS_Patchseq_human,1049737334,36,12.0,"['VoltageClampSeries', 'CurrentClampStimulusSeries', 'ProcessingModule', 'CurrentClampSeries', 'VoltageClampStimulusSeries']","['Patch-seq', 'human']",Dandiset,0.6.3,https://dandiarchive.org/dandiset/000288/draft,draft,Homo sapiens - Human,Neurodata Without Borders (NWB),,
175,175,DANDI:000290,"Abeledo Machado, Alejandra (2022) Diaz-Torga_Sfig1 (Version draft) [Data set]. DANDI archive. https://dandiarchive.org/dandiset/000290/draft",Diaz-Torga_Sfig1,0,0,,,,Dandiset,0.6.3,https://dandiarchive.org/dandiset/000290/draft,draft,,,,
